--
-- PostgreSQL database dump
--

-- Dumped from database version 11.6 (Debian 11.6-1.pgdg90+1)
-- Dumped by pg_dump version 11.6 (Debian 11.6-1.pgdg90+1)

SET statement_timeout = 0;
SET lock_timeout = 0;
SET idle_in_transaction_session_timeout = 0;
SET client_encoding = 'UTF8';
SET standard_conforming_strings = on;
SELECT pg_catalog.set_config('search_path', '', false);
SET check_function_bodies = false;
SET xmloption = content;
SET client_min_messages = warning;
SET row_security = off;

SET default_tablespace = '';

SET default_with_oids = false;

--
-- Name: account_emailaddress; Type: TABLE; Schema: public; Owner: family-budget
--

CREATE TABLE public.account_emailaddress (
    id integer NOT NULL,
    email character varying(254) NOT NULL,
    verified boolean NOT NULL,
    "primary" boolean NOT NULL,
    user_id uuid NOT NULL
);


ALTER TABLE public.account_emailaddress OWNER TO "family-budget";

--
-- Name: account_emailaddress_id_seq; Type: SEQUENCE; Schema: public; Owner: family-budget
--

CREATE SEQUENCE public.account_emailaddress_id_seq
    AS integer
    START WITH 1
    INCREMENT BY 1
    NO MINVALUE
    NO MAXVALUE
    CACHE 1;


ALTER TABLE public.account_emailaddress_id_seq OWNER TO "family-budget";

--
-- Name: account_emailaddress_id_seq; Type: SEQUENCE OWNED BY; Schema: public; Owner: family-budget
--

ALTER SEQUENCE public.account_emailaddress_id_seq OWNED BY public.account_emailaddress.id;


--
-- Name: account_emailconfirmation; Type: TABLE; Schema: public; Owner: family-budget
--

CREATE TABLE public.account_emailconfirmation (
    id integer NOT NULL,
    created timestamp with time zone NOT NULL,
    sent timestamp with time zone,
    key character varying(64) NOT NULL,
    email_address_id integer NOT NULL
);


ALTER TABLE public.account_emailconfirmation OWNER TO "family-budget";

--
-- Name: account_emailconfirmation_id_seq; Type: SEQUENCE; Schema: public; Owner: family-budget
--

CREATE SEQUENCE public.account_emailconfirmation_id_seq
    AS integer
    START WITH 1
    INCREMENT BY 1
    NO MINVALUE
    NO MAXVALUE
    CACHE 1;


ALTER TABLE public.account_emailconfirmation_id_seq OWNER TO "family-budget";

--
-- Name: account_emailconfirmation_id_seq; Type: SEQUENCE OWNED BY; Schema: public; Owner: family-budget
--

ALTER SEQUENCE public.account_emailconfirmation_id_seq OWNED BY public.account_emailconfirmation.id;


--
-- Name: auth_group; Type: TABLE; Schema: public; Owner: family-budget
--

CREATE TABLE public.auth_group (
    id integer NOT NULL,
    name character varying(150) NOT NULL
);


ALTER TABLE public.auth_group OWNER TO "family-budget";

--
-- Name: auth_group_id_seq; Type: SEQUENCE; Schema: public; Owner: family-budget
--

CREATE SEQUENCE public.auth_group_id_seq
    AS integer
    START WITH 1
    INCREMENT BY 1
    NO MINVALUE
    NO MAXVALUE
    CACHE 1;


ALTER TABLE public.auth_group_id_seq OWNER TO "family-budget";

--
-- Name: auth_group_id_seq; Type: SEQUENCE OWNED BY; Schema: public; Owner: family-budget
--

ALTER SEQUENCE public.auth_group_id_seq OWNED BY public.auth_group.id;


--
-- Name: auth_group_permissions; Type: TABLE; Schema: public; Owner: family-budget
--

CREATE TABLE public.auth_group_permissions (
    id integer NOT NULL,
    group_id integer NOT NULL,
    permission_id integer NOT NULL
);


ALTER TABLE public.auth_group_permissions OWNER TO "family-budget";

--
-- Name: auth_group_permissions_id_seq; Type: SEQUENCE; Schema: public; Owner: family-budget
--

CREATE SEQUENCE public.auth_group_permissions_id_seq
    AS integer
    START WITH 1
    INCREMENT BY 1
    NO MINVALUE
    NO MAXVALUE
    CACHE 1;


ALTER TABLE public.auth_group_permissions_id_seq OWNER TO "family-budget";

--
-- Name: auth_group_permissions_id_seq; Type: SEQUENCE OWNED BY; Schema: public; Owner: family-budget
--

ALTER SEQUENCE public.auth_group_permissions_id_seq OWNED BY public.auth_group_permissions.id;


--
-- Name: auth_permission; Type: TABLE; Schema: public; Owner: family-budget
--

CREATE TABLE public.auth_permission (
    id integer NOT NULL,
    name character varying(255) NOT NULL,
    content_type_id integer NOT NULL,
    codename character varying(100) NOT NULL
);


ALTER TABLE public.auth_permission OWNER TO "family-budget";

--
-- Name: auth_permission_id_seq; Type: SEQUENCE; Schema: public; Owner: family-budget
--

CREATE SEQUENCE public.auth_permission_id_seq
    AS integer
    START WITH 1
    INCREMENT BY 1
    NO MINVALUE
    NO MAXVALUE
    CACHE 1;


ALTER TABLE public.auth_permission_id_seq OWNER TO "family-budget";

--
-- Name: auth_permission_id_seq; Type: SEQUENCE OWNED BY; Schema: public; Owner: family-budget
--

ALTER SEQUENCE public.auth_permission_id_seq OWNED BY public.auth_permission.id;


--
-- Name: authtoken_token; Type: TABLE; Schema: public; Owner: family-budget
--

CREATE TABLE public.authtoken_token (
    key character varying(40) NOT NULL,
    created timestamp with time zone NOT NULL,
    user_id uuid NOT NULL
);


ALTER TABLE public.authtoken_token OWNER TO "family-budget";

--
-- Name: budgets_budget; Type: TABLE; Schema: public; Owner: family-budget
--

CREATE TABLE public.budgets_budget (
    created timestamp with time zone NOT NULL,
    updated timestamp with time zone NOT NULL,
    id uuid NOT NULL,
    title character varying(200) NOT NULL,
    owner_id uuid
);


ALTER TABLE public.budgets_budget OWNER TO "family-budget";

--
-- Name: budgets_budget_viewers; Type: TABLE; Schema: public; Owner: family-budget
--

CREATE TABLE public.budgets_budget_viewers (
    id integer NOT NULL,
    budget_id uuid NOT NULL,
    user_id uuid NOT NULL
);


ALTER TABLE public.budgets_budget_viewers OWNER TO "family-budget";

--
-- Name: budgets_budget_viewers_id_seq; Type: SEQUENCE; Schema: public; Owner: family-budget
--

CREATE SEQUENCE public.budgets_budget_viewers_id_seq
    AS integer
    START WITH 1
    INCREMENT BY 1
    NO MINVALUE
    NO MAXVALUE
    CACHE 1;


ALTER TABLE public.budgets_budget_viewers_id_seq OWNER TO "family-budget";

--
-- Name: budgets_budget_viewers_id_seq; Type: SEQUENCE OWNED BY; Schema: public; Owner: family-budget
--

ALTER SEQUENCE public.budgets_budget_viewers_id_seq OWNED BY public.budgets_budget_viewers.id;


--
-- Name: budgets_category; Type: TABLE; Schema: public; Owner: family-budget
--

CREATE TABLE public.budgets_category (
    created timestamp with time zone NOT NULL,
    updated timestamp with time zone NOT NULL,
    id uuid NOT NULL,
    name character varying(50) NOT NULL
);


ALTER TABLE public.budgets_category OWNER TO "family-budget";

--
-- Name: budgets_transaction; Type: TABLE; Schema: public; Owner: family-budget
--

CREATE TABLE public.budgets_transaction (
    created timestamp with time zone NOT NULL,
    updated timestamp with time zone NOT NULL,
    id uuid NOT NULL,
    name character varying(40) NOT NULL,
    amount integer NOT NULL,
    budget_id uuid NOT NULL,
    category_id uuid
);


ALTER TABLE public.budgets_transaction OWNER TO "family-budget";

--
-- Name: django_admin_log; Type: TABLE; Schema: public; Owner: family-budget
--

CREATE TABLE public.django_admin_log (
    id integer NOT NULL,
    action_time timestamp with time zone NOT NULL,
    object_id text,
    object_repr character varying(200) NOT NULL,
    action_flag smallint NOT NULL,
    change_message text NOT NULL,
    content_type_id integer,
    user_id uuid NOT NULL,
    CONSTRAINT django_admin_log_action_flag_check CHECK ((action_flag >= 0))
);


ALTER TABLE public.django_admin_log OWNER TO "family-budget";

--
-- Name: django_admin_log_id_seq; Type: SEQUENCE; Schema: public; Owner: family-budget
--

CREATE SEQUENCE public.django_admin_log_id_seq
    AS integer
    START WITH 1
    INCREMENT BY 1
    NO MINVALUE
    NO MAXVALUE
    CACHE 1;


ALTER TABLE public.django_admin_log_id_seq OWNER TO "family-budget";

--
-- Name: django_admin_log_id_seq; Type: SEQUENCE OWNED BY; Schema: public; Owner: family-budget
--

ALTER SEQUENCE public.django_admin_log_id_seq OWNED BY public.django_admin_log.id;


--
-- Name: django_content_type; Type: TABLE; Schema: public; Owner: family-budget
--

CREATE TABLE public.django_content_type (
    id integer NOT NULL,
    app_label character varying(100) NOT NULL,
    model character varying(100) NOT NULL
);


ALTER TABLE public.django_content_type OWNER TO "family-budget";

--
-- Name: django_content_type_id_seq; Type: SEQUENCE; Schema: public; Owner: family-budget
--

CREATE SEQUENCE public.django_content_type_id_seq
    AS integer
    START WITH 1
    INCREMENT BY 1
    NO MINVALUE
    NO MAXVALUE
    CACHE 1;


ALTER TABLE public.django_content_type_id_seq OWNER TO "family-budget";

--
-- Name: django_content_type_id_seq; Type: SEQUENCE OWNED BY; Schema: public; Owner: family-budget
--

ALTER SEQUENCE public.django_content_type_id_seq OWNED BY public.django_content_type.id;


--
-- Name: django_migrations; Type: TABLE; Schema: public; Owner: family-budget
--

CREATE TABLE public.django_migrations (
    id integer NOT NULL,
    app character varying(255) NOT NULL,
    name character varying(255) NOT NULL,
    applied timestamp with time zone NOT NULL
);


ALTER TABLE public.django_migrations OWNER TO "family-budget";

--
-- Name: django_migrations_id_seq; Type: SEQUENCE; Schema: public; Owner: family-budget
--

CREATE SEQUENCE public.django_migrations_id_seq
    AS integer
    START WITH 1
    INCREMENT BY 1
    NO MINVALUE
    NO MAXVALUE
    CACHE 1;


ALTER TABLE public.django_migrations_id_seq OWNER TO "family-budget";

--
-- Name: django_migrations_id_seq; Type: SEQUENCE OWNED BY; Schema: public; Owner: family-budget
--

ALTER SEQUENCE public.django_migrations_id_seq OWNED BY public.django_migrations.id;


--
-- Name: django_session; Type: TABLE; Schema: public; Owner: family-budget
--

CREATE TABLE public.django_session (
    session_key character varying(40) NOT NULL,
    session_data text NOT NULL,
    expire_date timestamp with time zone NOT NULL
);


ALTER TABLE public.django_session OWNER TO "family-budget";

--
-- Name: users_user; Type: TABLE; Schema: public; Owner: family-budget
--

CREATE TABLE public.users_user (
    password character varying(128) NOT NULL,
    last_login timestamp with time zone,
    is_superuser boolean NOT NULL,
    username character varying(150) NOT NULL,
    first_name character varying(150) NOT NULL,
    last_name character varying(150) NOT NULL,
    email character varying(254) NOT NULL,
    is_staff boolean NOT NULL,
    is_active boolean NOT NULL,
    date_joined timestamp with time zone NOT NULL,
    id uuid NOT NULL,
    created timestamp with time zone NOT NULL,
    updated timestamp with time zone NOT NULL
);


ALTER TABLE public.users_user OWNER TO "family-budget";

--
-- Name: users_user_groups; Type: TABLE; Schema: public; Owner: family-budget
--

CREATE TABLE public.users_user_groups (
    id integer NOT NULL,
    user_id uuid NOT NULL,
    group_id integer NOT NULL
);


ALTER TABLE public.users_user_groups OWNER TO "family-budget";

--
-- Name: users_user_groups_id_seq; Type: SEQUENCE; Schema: public; Owner: family-budget
--

CREATE SEQUENCE public.users_user_groups_id_seq
    AS integer
    START WITH 1
    INCREMENT BY 1
    NO MINVALUE
    NO MAXVALUE
    CACHE 1;


ALTER TABLE public.users_user_groups_id_seq OWNER TO "family-budget";

--
-- Name: users_user_groups_id_seq; Type: SEQUENCE OWNED BY; Schema: public; Owner: family-budget
--

ALTER SEQUENCE public.users_user_groups_id_seq OWNED BY public.users_user_groups.id;


--
-- Name: users_user_user_permissions; Type: TABLE; Schema: public; Owner: family-budget
--

CREATE TABLE public.users_user_user_permissions (
    id integer NOT NULL,
    user_id uuid NOT NULL,
    permission_id integer NOT NULL
);


ALTER TABLE public.users_user_user_permissions OWNER TO "family-budget";

--
-- Name: users_user_user_permissions_id_seq; Type: SEQUENCE; Schema: public; Owner: family-budget
--

CREATE SEQUENCE public.users_user_user_permissions_id_seq
    AS integer
    START WITH 1
    INCREMENT BY 1
    NO MINVALUE
    NO MAXVALUE
    CACHE 1;


ALTER TABLE public.users_user_user_permissions_id_seq OWNER TO "family-budget";

--
-- Name: users_user_user_permissions_id_seq; Type: SEQUENCE OWNED BY; Schema: public; Owner: family-budget
--

ALTER SEQUENCE public.users_user_user_permissions_id_seq OWNED BY public.users_user_user_permissions.id;


--
-- Name: account_emailaddress id; Type: DEFAULT; Schema: public; Owner: family-budget
--

ALTER TABLE ONLY public.account_emailaddress ALTER COLUMN id SET DEFAULT nextval('public.account_emailaddress_id_seq'::regclass);


--
-- Name: account_emailconfirmation id; Type: DEFAULT; Schema: public; Owner: family-budget
--

ALTER TABLE ONLY public.account_emailconfirmation ALTER COLUMN id SET DEFAULT nextval('public.account_emailconfirmation_id_seq'::regclass);


--
-- Name: auth_group id; Type: DEFAULT; Schema: public; Owner: family-budget
--

ALTER TABLE ONLY public.auth_group ALTER COLUMN id SET DEFAULT nextval('public.auth_group_id_seq'::regclass);


--
-- Name: auth_group_permissions id; Type: DEFAULT; Schema: public; Owner: family-budget
--

ALTER TABLE ONLY public.auth_group_permissions ALTER COLUMN id SET DEFAULT nextval('public.auth_group_permissions_id_seq'::regclass);


--
-- Name: auth_permission id; Type: DEFAULT; Schema: public; Owner: family-budget
--

ALTER TABLE ONLY public.auth_permission ALTER COLUMN id SET DEFAULT nextval('public.auth_permission_id_seq'::regclass);


--
-- Name: budgets_budget_viewers id; Type: DEFAULT; Schema: public; Owner: family-budget
--

ALTER TABLE ONLY public.budgets_budget_viewers ALTER COLUMN id SET DEFAULT nextval('public.budgets_budget_viewers_id_seq'::regclass);


--
-- Name: django_admin_log id; Type: DEFAULT; Schema: public; Owner: family-budget
--

ALTER TABLE ONLY public.django_admin_log ALTER COLUMN id SET DEFAULT nextval('public.django_admin_log_id_seq'::regclass);


--
-- Name: django_content_type id; Type: DEFAULT; Schema: public; Owner: family-budget
--

ALTER TABLE ONLY public.django_content_type ALTER COLUMN id SET DEFAULT nextval('public.django_content_type_id_seq'::regclass);


--
-- Name: django_migrations id; Type: DEFAULT; Schema: public; Owner: family-budget
--

ALTER TABLE ONLY public.django_migrations ALTER COLUMN id SET DEFAULT nextval('public.django_migrations_id_seq'::regclass);


--
-- Name: users_user_groups id; Type: DEFAULT; Schema: public; Owner: family-budget
--

ALTER TABLE ONLY public.users_user_groups ALTER COLUMN id SET DEFAULT nextval('public.users_user_groups_id_seq'::regclass);


--
-- Name: users_user_user_permissions id; Type: DEFAULT; Schema: public; Owner: family-budget
--

ALTER TABLE ONLY public.users_user_user_permissions ALTER COLUMN id SET DEFAULT nextval('public.users_user_user_permissions_id_seq'::regclass);


--
-- Data for Name: account_emailaddress; Type: TABLE DATA; Schema: public; Owner: family-budget
--

COPY public.account_emailaddress (id, email, verified, "primary", user_id) FROM stdin;
\.


--
-- Data for Name: account_emailconfirmation; Type: TABLE DATA; Schema: public; Owner: family-budget
--

COPY public.account_emailconfirmation (id, created, sent, key, email_address_id) FROM stdin;
\.


--
-- Data for Name: auth_group; Type: TABLE DATA; Schema: public; Owner: family-budget
--

COPY public.auth_group (id, name) FROM stdin;
\.


--
-- Data for Name: auth_group_permissions; Type: TABLE DATA; Schema: public; Owner: family-budget
--

COPY public.auth_group_permissions (id, group_id, permission_id) FROM stdin;
\.


--
-- Data for Name: auth_permission; Type: TABLE DATA; Schema: public; Owner: family-budget
--

COPY public.auth_permission (id, name, content_type_id, codename) FROM stdin;
1	Can add log entry	1	add_logentry
2	Can change log entry	1	change_logentry
3	Can delete log entry	1	delete_logentry
4	Can view log entry	1	view_logentry
5	Can add permission	2	add_permission
6	Can change permission	2	change_permission
7	Can delete permission	2	delete_permission
8	Can view permission	2	view_permission
9	Can add group	3	add_group
10	Can change group	3	change_group
11	Can delete group	3	delete_group
12	Can view group	3	view_group
13	Can add content type	4	add_contenttype
14	Can change content type	4	change_contenttype
15	Can delete content type	4	delete_contenttype
16	Can view content type	4	view_contenttype
17	Can add session	5	add_session
18	Can change session	5	change_session
19	Can delete session	5	delete_session
20	Can view session	5	view_session
21	Can add social application	6	add_socialapp
22	Can change social application	6	change_socialapp
23	Can delete social application	6	delete_socialapp
24	Can view social application	6	view_socialapp
25	Can add social account	7	add_socialaccount
26	Can change social account	7	change_socialaccount
27	Can delete social account	7	delete_socialaccount
28	Can view social account	7	view_socialaccount
29	Can add social application token	8	add_socialtoken
30	Can change social application token	8	change_socialtoken
31	Can delete social application token	8	delete_socialtoken
32	Can view social application token	8	view_socialtoken
33	Can add email address	9	add_emailaddress
34	Can change email address	9	change_emailaddress
35	Can delete email address	9	delete_emailaddress
36	Can view email address	9	view_emailaddress
37	Can add email confirmation	10	add_emailconfirmation
38	Can change email confirmation	10	change_emailconfirmation
39	Can delete email confirmation	10	delete_emailconfirmation
40	Can view email confirmation	10	view_emailconfirmation
41	Can add Token	11	add_token
42	Can change Token	11	change_token
43	Can delete Token	11	delete_token
44	Can view Token	11	view_token
45	Can add token	12	add_tokenproxy
46	Can change token	12	change_tokenproxy
47	Can delete token	12	delete_tokenproxy
48	Can view token	12	view_tokenproxy
49	Can add user	13	add_user
50	Can change user	13	change_user
51	Can delete user	13	delete_user
52	Can view user	13	view_user
53	Can add category	14	add_category
54	Can change category	14	change_category
55	Can delete category	14	delete_category
56	Can view category	14	view_category
57	Can add budget	15	add_budget
58	Can change budget	15	change_budget
59	Can delete budget	15	delete_budget
60	Can view budget	15	view_budget
61	Can add transaction	16	add_transaction
62	Can change transaction	16	change_transaction
63	Can delete transaction	16	delete_transaction
64	Can view transaction	16	view_transaction
\.


--
-- Data for Name: authtoken_token; Type: TABLE DATA; Schema: public; Owner: family-budget
--

COPY public.authtoken_token (key, created, user_id) FROM stdin;
3912f86a825c0c5e631726a14c923019ca44d582	2022-05-16 18:32:02.649923+00	e85320e6-bda4-4219-8b17-dbeaaf2f94a8
a11244099fd7e75bf6c8c2848381fd360bcd9c8c	2022-05-16 18:33:08.462687+00	1f7b1229-144b-48ce-9f10-602d339a3d5d
35c1de146f13279c6e8df3570e2dd16219d8a342	2022-05-16 18:33:25.950641+00	1ab6bb8e-6868-4788-9f1b-8ae491b9d84f
e743cb31dcbf253b60f4aeb2ec6055900028a144	2022-05-16 18:33:36.509504+00	e381c953-937b-40e7-8bd2-57ed93d16849
\.


--
-- Data for Name: budgets_budget; Type: TABLE DATA; Schema: public; Owner: family-budget
--

COPY public.budgets_budget (created, updated, id, title, owner_id) FROM stdin;
2022-05-16 18:34:04.247896+00	2022-05-16 18:34:04.247912+00	11f387c1-30e3-4e5e-9ade-24bf52cea40b	family June	1f7b1229-144b-48ce-9f10-602d339a3d5d
2022-05-16 18:35:41.657316+00	2022-05-16 18:35:41.657332+00	d83af6f1-faca-4875-bb43-8621121d7fc3	July	1ab6bb8e-6868-4788-9f1b-8ae491b9d84f
\.


--
-- Data for Name: budgets_budget_viewers; Type: TABLE DATA; Schema: public; Owner: family-budget
--

COPY public.budgets_budget_viewers (id, budget_id, user_id) FROM stdin;
1	11f387c1-30e3-4e5e-9ade-24bf52cea40b	1ab6bb8e-6868-4788-9f1b-8ae491b9d84f
2	11f387c1-30e3-4e5e-9ade-24bf52cea40b	e381c953-937b-40e7-8bd2-57ed93d16849
\.


--
-- Data for Name: budgets_category; Type: TABLE DATA; Schema: public; Owner: family-budget
--

COPY public.budgets_category (created, updated, id, name) FROM stdin;
2022-05-16 18:34:22.554629+00	2022-05-16 18:34:22.554643+00	a2fae333-fb2d-431e-960a-758b8f437775	family
2022-05-16 18:35:08.00577+00	2022-05-16 18:35:08.005814+00	ecb2d51d-5455-4265-8f89-e48733ba415e	own
2022-05-16 18:37:44.957713+00	2022-05-16 18:37:44.957728+00	d90b15fa-cca3-45a2-b416-23e0bb49105d	food
\.


--
-- Data for Name: budgets_transaction; Type: TABLE DATA; Schema: public; Owner: family-budget
--

COPY public.budgets_transaction (created, updated, id, name, amount, budget_id, category_id) FROM stdin;
2022-05-16 18:36:06.168169+00	2022-05-16 18:36:06.168188+00	7e8f3f76-ae4b-4222-8213-e385e1a870c3	salary	1000	d83af6f1-faca-4875-bb43-8621121d7fc3	ecb2d51d-5455-4265-8f89-e48733ba415e
2022-05-16 18:36:20.011382+00	2022-05-16 18:36:20.011402+00	ee96b9aa-da8f-495f-b5a2-a49a0eb57934	parties	-500	d83af6f1-faca-4875-bb43-8621121d7fc3	ecb2d51d-5455-4265-8f89-e48733ba415e
2022-05-16 18:34:26.523396+00	2022-05-16 18:36:27.243077+00	9f993536-35e2-47ac-832f-be04069cb681	car	-1000	11f387c1-30e3-4e5e-9ade-24bf52cea40b	a2fae333-fb2d-431e-960a-758b8f437775
2022-05-16 18:35:12.722004+00	2022-05-16 18:36:37.981483+00	fc77c8c6-7b43-4fcb-8958-03205c29ccf2	ps4	-2000	11f387c1-30e3-4e5e-9ade-24bf52cea40b	ecb2d51d-5455-4265-8f89-e48733ba415e
2022-05-16 18:37:04.450725+00	2022-05-16 18:37:04.45074+00	0bc4f790-638e-4bf0-b1e3-406b9a5e8637	salary	10000	11f387c1-30e3-4e5e-9ade-24bf52cea40b	ecb2d51d-5455-4265-8f89-e48733ba415e
2022-05-16 18:34:43.23703+00	2022-05-16 18:37:52.98045+00	27bba9a4-9b51-46d6-8dc9-15409e9a98d9	food	-400	11f387c1-30e3-4e5e-9ade-24bf52cea40b	d90b15fa-cca3-45a2-b416-23e0bb49105d
2022-05-16 18:38:12.126745+00	2022-05-16 18:38:12.12676+00	edac2bf6-fcdf-4f03-a286-2dd15ebeab66	restaurant	-400	11f387c1-30e3-4e5e-9ade-24bf52cea40b	d90b15fa-cca3-45a2-b416-23e0bb49105d
\.


--
-- Data for Name: django_admin_log; Type: TABLE DATA; Schema: public; Owner: family-budget
--

COPY public.django_admin_log (id, action_time, object_id, object_repr, action_flag, change_message, content_type_id, user_id) FROM stdin;
1	2022-05-16 18:33:08.463672+00	1f7b1229-144b-48ce-9f10-602d339a3d5d	user1	1	[{"added": {}}]	13	e85320e6-bda4-4219-8b17-dbeaaf2f94a8
2	2022-05-16 18:33:25.951879+00	1ab6bb8e-6868-4788-9f1b-8ae491b9d84f	user2	1	[{"added": {}}]	13	e85320e6-bda4-4219-8b17-dbeaaf2f94a8
3	2022-05-16 18:33:36.510791+00	e381c953-937b-40e7-8bd2-57ed93d16849	user3	1	[{"added": {}}]	13	e85320e6-bda4-4219-8b17-dbeaaf2f94a8
4	2022-05-16 18:34:04.253111+00	11f387c1-30e3-4e5e-9ade-24bf52cea40b	family June	1	[{"added": {}}]	15	e85320e6-bda4-4219-8b17-dbeaaf2f94a8
5	2022-05-16 18:34:22.555885+00	a2fae333-fb2d-431e-960a-758b8f437775	family	1	[{"added": {}}]	14	e85320e6-bda4-4219-8b17-dbeaaf2f94a8
6	2022-05-16 18:34:26.52486+00	9f993536-35e2-47ac-832f-be04069cb681	car - 1000 - family June	1	[{"added": {}}]	16	e85320e6-bda4-4219-8b17-dbeaaf2f94a8
7	2022-05-16 18:34:43.238136+00	27bba9a4-9b51-46d6-8dc9-15409e9a98d9	food - 400 - family June	1	[{"added": {}}]	16	e85320e6-bda4-4219-8b17-dbeaaf2f94a8
8	2022-05-16 18:35:08.007282+00	ecb2d51d-5455-4265-8f89-e48733ba415e	own	1	[{"added": {}}]	14	e85320e6-bda4-4219-8b17-dbeaaf2f94a8
9	2022-05-16 18:35:12.723593+00	fc77c8c6-7b43-4fcb-8958-03205c29ccf2	ps4 - 2000 - family June	1	[{"added": {}}]	16	e85320e6-bda4-4219-8b17-dbeaaf2f94a8
10	2022-05-16 18:35:41.661568+00	d83af6f1-faca-4875-bb43-8621121d7fc3	July	1	[{"added": {}}]	15	e85320e6-bda4-4219-8b17-dbeaaf2f94a8
11	2022-05-16 18:36:06.169227+00	7e8f3f76-ae4b-4222-8213-e385e1a870c3	salary - 1000 - July	1	[{"added": {}}]	16	e85320e6-bda4-4219-8b17-dbeaaf2f94a8
12	2022-05-16 18:36:20.012718+00	ee96b9aa-da8f-495f-b5a2-a49a0eb57934	parties - -500 - July	1	[{"added": {}}]	16	e85320e6-bda4-4219-8b17-dbeaaf2f94a8
13	2022-05-16 18:36:27.244622+00	9f993536-35e2-47ac-832f-be04069cb681	car - -1000 - family June	2	[{"changed": {"fields": ["Amount"]}}]	16	e85320e6-bda4-4219-8b17-dbeaaf2f94a8
14	2022-05-16 18:36:32.507272+00	27bba9a4-9b51-46d6-8dc9-15409e9a98d9	food - -400 - family June	2	[{"changed": {"fields": ["Amount"]}}]	16	e85320e6-bda4-4219-8b17-dbeaaf2f94a8
15	2022-05-16 18:36:37.98349+00	fc77c8c6-7b43-4fcb-8958-03205c29ccf2	ps4 - -2000 - family June	2	[{"changed": {"fields": ["Amount"]}}]	16	e85320e6-bda4-4219-8b17-dbeaaf2f94a8
16	2022-05-16 18:37:04.452036+00	0bc4f790-638e-4bf0-b1e3-406b9a5e8637	salary - 10000 - family June	1	[{"added": {}}]	16	e85320e6-bda4-4219-8b17-dbeaaf2f94a8
17	2022-05-16 18:37:44.959222+00	d90b15fa-cca3-45a2-b416-23e0bb49105d	food	1	[{"added": {}}]	14	e85320e6-bda4-4219-8b17-dbeaaf2f94a8
18	2022-05-16 18:37:52.981753+00	27bba9a4-9b51-46d6-8dc9-15409e9a98d9	food - -400 - family June	2	[{"changed": {"fields": ["Category"]}}]	16	e85320e6-bda4-4219-8b17-dbeaaf2f94a8
19	2022-05-16 18:38:12.127934+00	edac2bf6-fcdf-4f03-a286-2dd15ebeab66	restaurant - -400 - family June	1	[{"added": {}}]	16	e85320e6-bda4-4219-8b17-dbeaaf2f94a8
\.


--
-- Data for Name: django_content_type; Type: TABLE DATA; Schema: public; Owner: family-budget
--

COPY public.django_content_type (id, app_label, model) FROM stdin;
1	admin	logentry
2	auth	permission
3	auth	group
4	contenttypes	contenttype
5	sessions	session
6	allauth	socialapp
7	allauth	socialaccount
8	allauth	socialtoken
9	account	emailaddress
10	account	emailconfirmation
11	authtoken	token
12	authtoken	tokenproxy
13	users	user
14	budgets	category
15	budgets	budget
16	budgets	transaction
\.


--
-- Data for Name: django_migrations; Type: TABLE DATA; Schema: public; Owner: family-budget
--

COPY public.django_migrations (id, app, name, applied) FROM stdin;
1	contenttypes	0001_initial	2022-05-16 18:26:46.378397+00
2	contenttypes	0002_remove_content_type_name	2022-05-16 18:26:46.391996+00
3	auth	0001_initial	2022-05-16 18:26:46.446767+00
4	auth	0002_alter_permission_name_max_length	2022-05-16 18:26:46.454307+00
5	auth	0003_alter_user_email_max_length	2022-05-16 18:26:46.466952+00
6	auth	0004_alter_user_username_opts	2022-05-16 18:26:46.475146+00
7	auth	0005_alter_user_last_login_null	2022-05-16 18:26:46.488031+00
8	auth	0006_require_contenttypes_0002	2022-05-16 18:26:46.491411+00
9	auth	0007_alter_validators_add_error_messages	2022-05-16 18:26:46.500628+00
10	auth	0008_alter_user_username_max_length	2022-05-16 18:26:46.51187+00
11	users	0001_initial	2022-05-16 18:26:46.563355+00
12	account	0001_initial	2022-05-16 18:26:46.608905+00
13	account	0002_email_max_length	2022-05-16 18:26:46.620895+00
14	admin	0001_initial	2022-05-16 18:26:46.653447+00
15	admin	0002_logentry_remove_auto_add	2022-05-16 18:26:46.663089+00
16	admin	0003_logentry_add_action_flag_choices	2022-05-16 18:26:46.674464+00
17	auth	0009_alter_user_last_name_max_length	2022-05-16 18:26:46.684729+00
18	auth	0010_alter_group_name_max_length	2022-05-16 18:26:46.699727+00
19	auth	0011_update_proxy_permissions	2022-05-16 18:26:46.716168+00
20	auth	0012_alter_user_first_name_max_length	2022-05-16 18:26:46.730317+00
21	authtoken	0001_initial	2022-05-16 18:26:46.75253+00
22	authtoken	0002_auto_20160226_1747	2022-05-16 18:26:46.792531+00
23	authtoken	0003_tokenproxy	2022-05-16 18:26:46.797921+00
24	budgets	0001_initial	2022-05-16 18:26:46.853578+00
25	budgets	0002_alter_category_options	2022-05-16 18:26:46.862507+00
26	budgets	0003_remove_budget_viewer_budget_viewers_and_more	2022-05-16 18:26:46.965776+00
27	budgets	0004_remove_budget_category_remove_budget_expenses_and_more	2022-05-16 18:26:47.027122+00
28	budgets	0005_alter_transaction_options	2022-05-16 18:26:47.035439+00
29	sessions	0001_initial	2022-05-16 18:26:47.054338+00
30	users	0002_auto_20171227_2246	2022-05-16 18:26:47.083057+00
31	users	0003_alter_user_options_user_created_user_updated_and_more	2022-05-16 18:26:47.145386+00
\.


--
-- Data for Name: django_session; Type: TABLE DATA; Schema: public; Owner: family-budget
--

COPY public.django_session (session_key, session_data, expire_date) FROM stdin;
hv50c9zl046e2t5hzsrtma3n5dg952vu	.eJxVjTkOwjAQRe_iGlvOeKek5wzRTDxDWJRIWSrE3UmkFFC_9_5_qxbXpW_Xmaf2XtVZcQ4OLEdNFb320BSdqUm6EiMKSPGY1ek3I-yePOxtfeBwG003Dst0J7Mr5qCzuY6VX5fD_Rvoce73Z0mSRUr14BNWjCW65FywTJG8zU1KsJEYIgW3GRlQ2IJsQhbnkvp8ASP6QM0:1nqfVn:7bRbThmG2DujbXf8XqPeyp-TUUGv-4My5ZHp9M3W-Go	2022-05-30 18:32:07.162724+00
\.


--
-- Data for Name: users_user; Type: TABLE DATA; Schema: public; Owner: family-budget
--

COPY public.users_user (password, last_login, is_superuser, username, first_name, last_name, email, is_staff, is_active, date_joined, id, created, updated) FROM stdin;
pbkdf2_sha256$320000$PGSuF2gRRm7K5QcCsE3a26$HlJ+daqqGojCa2s/dW2qjsNbjVEERlZH8821O/5hi34=	2022-05-16 18:32:07.159682+00	t	admin			admin@admin.com	t	t	2022-05-16 18:32:02.445208+00	e85320e6-bda4-4219-8b17-dbeaaf2f94a8	2022-05-16 18:32:02.646369+00	2022-05-16 18:32:02.646377+00
pbkdf2_sha256$320000$A8khgpWywdJe9ESmj4OmCh$7MEGFi5TCefNiMQNi3XWKEagXPWXbEtiZHs3BZzoR48=	\N	f	user1				f	t	2022-05-16 18:33:08.255731+00	1f7b1229-144b-48ce-9f10-602d339a3d5d	2022-05-16 18:33:08.461432+00	2022-05-16 18:33:08.461439+00
pbkdf2_sha256$320000$msHkDLSTBcJFZVIrjCVdcQ$Yqt71bgw+HWw+ASHQEkQsMTxpFJFAhaWuVm8J++8Zgo=	\N	f	user2				f	t	2022-05-16 18:33:25.751544+00	1ab6bb8e-6868-4788-9f1b-8ae491b9d84f	2022-05-16 18:33:25.949424+00	2022-05-16 18:33:25.949431+00
pbkdf2_sha256$320000$xnKl3pxjMWK625JiAmDkDr$OPyhSBIkWMlCRNk0sLgPx3E2JNMCX2xIBXMXYLYBJRE=	\N	f	user3				f	t	2022-05-16 18:33:36.307892+00	e381c953-937b-40e7-8bd2-57ed93d16849	2022-05-16 18:33:36.508228+00	2022-05-16 18:33:36.508234+00
\.


--
-- Data for Name: users_user_groups; Type: TABLE DATA; Schema: public; Owner: family-budget
--

COPY public.users_user_groups (id, user_id, group_id) FROM stdin;
\.


--
-- Data for Name: users_user_user_permissions; Type: TABLE DATA; Schema: public; Owner: family-budget
--

COPY public.users_user_user_permissions (id, user_id, permission_id) FROM stdin;
\.


--
-- Name: account_emailaddress_id_seq; Type: SEQUENCE SET; Schema: public; Owner: family-budget
--

SELECT pg_catalog.setval('public.account_emailaddress_id_seq', 1, false);


--
-- Name: account_emailconfirmation_id_seq; Type: SEQUENCE SET; Schema: public; Owner: family-budget
--

SELECT pg_catalog.setval('public.account_emailconfirmation_id_seq', 1, false);


--
-- Name: auth_group_id_seq; Type: SEQUENCE SET; Schema: public; Owner: family-budget
--

SELECT pg_catalog.setval('public.auth_group_id_seq', 1, false);


--
-- Name: auth_group_permissions_id_seq; Type: SEQUENCE SET; Schema: public; Owner: family-budget
--

SELECT pg_catalog.setval('public.auth_group_permissions_id_seq', 1, false);


--
-- Name: auth_permission_id_seq; Type: SEQUENCE SET; Schema: public; Owner: family-budget
--

SELECT pg_catalog.setval('public.auth_permission_id_seq', 64, true);


--
-- Name: budgets_budget_viewers_id_seq; Type: SEQUENCE SET; Schema: public; Owner: family-budget
--

SELECT pg_catalog.setval('public.budgets_budget_viewers_id_seq', 2, true);


--
-- Name: django_admin_log_id_seq; Type: SEQUENCE SET; Schema: public; Owner: family-budget
--

SELECT pg_catalog.setval('public.django_admin_log_id_seq', 19, true);


--
-- Name: django_content_type_id_seq; Type: SEQUENCE SET; Schema: public; Owner: family-budget
--

SELECT pg_catalog.setval('public.django_content_type_id_seq', 16, true);


--
-- Name: django_migrations_id_seq; Type: SEQUENCE SET; Schema: public; Owner: family-budget
--

SELECT pg_catalog.setval('public.django_migrations_id_seq', 31, true);


--
-- Name: users_user_groups_id_seq; Type: SEQUENCE SET; Schema: public; Owner: family-budget
--

SELECT pg_catalog.setval('public.users_user_groups_id_seq', 1, false);


--
-- Name: users_user_user_permissions_id_seq; Type: SEQUENCE SET; Schema: public; Owner: family-budget
--

SELECT pg_catalog.setval('public.users_user_user_permissions_id_seq', 1, false);


--
-- Name: account_emailaddress account_emailaddress_email_key; Type: CONSTRAINT; Schema: public; Owner: family-budget
--

ALTER TABLE ONLY public.account_emailaddress
    ADD CONSTRAINT account_emailaddress_email_key UNIQUE (email);


--
-- Name: account_emailaddress account_emailaddress_pkey; Type: CONSTRAINT; Schema: public; Owner: family-budget
--

ALTER TABLE ONLY public.account_emailaddress
    ADD CONSTRAINT account_emailaddress_pkey PRIMARY KEY (id);


--
-- Name: account_emailconfirmation account_emailconfirmation_key_key; Type: CONSTRAINT; Schema: public; Owner: family-budget
--

ALTER TABLE ONLY public.account_emailconfirmation
    ADD CONSTRAINT account_emailconfirmation_key_key UNIQUE (key);


--
-- Name: account_emailconfirmation account_emailconfirmation_pkey; Type: CONSTRAINT; Schema: public; Owner: family-budget
--

ALTER TABLE ONLY public.account_emailconfirmation
    ADD CONSTRAINT account_emailconfirmation_pkey PRIMARY KEY (id);


--
-- Name: auth_group auth_group_name_key; Type: CONSTRAINT; Schema: public; Owner: family-budget
--

ALTER TABLE ONLY public.auth_group
    ADD CONSTRAINT auth_group_name_key UNIQUE (name);


--
-- Name: auth_group_permissions auth_group_permissions_group_id_permission_id_0cd325b0_uniq; Type: CONSTRAINT; Schema: public; Owner: family-budget
--

ALTER TABLE ONLY public.auth_group_permissions
    ADD CONSTRAINT auth_group_permissions_group_id_permission_id_0cd325b0_uniq UNIQUE (group_id, permission_id);


--
-- Name: auth_group_permissions auth_group_permissions_pkey; Type: CONSTRAINT; Schema: public; Owner: family-budget
--

ALTER TABLE ONLY public.auth_group_permissions
    ADD CONSTRAINT auth_group_permissions_pkey PRIMARY KEY (id);


--
-- Name: auth_group auth_group_pkey; Type: CONSTRAINT; Schema: public; Owner: family-budget
--

ALTER TABLE ONLY public.auth_group
    ADD CONSTRAINT auth_group_pkey PRIMARY KEY (id);


--
-- Name: auth_permission auth_permission_content_type_id_codename_01ab375a_uniq; Type: CONSTRAINT; Schema: public; Owner: family-budget
--

ALTER TABLE ONLY public.auth_permission
    ADD CONSTRAINT auth_permission_content_type_id_codename_01ab375a_uniq UNIQUE (content_type_id, codename);


--
-- Name: auth_permission auth_permission_pkey; Type: CONSTRAINT; Schema: public; Owner: family-budget
--

ALTER TABLE ONLY public.auth_permission
    ADD CONSTRAINT auth_permission_pkey PRIMARY KEY (id);


--
-- Name: authtoken_token authtoken_token_pkey; Type: CONSTRAINT; Schema: public; Owner: family-budget
--

ALTER TABLE ONLY public.authtoken_token
    ADD CONSTRAINT authtoken_token_pkey PRIMARY KEY (key);


--
-- Name: authtoken_token authtoken_token_user_id_key; Type: CONSTRAINT; Schema: public; Owner: family-budget
--

ALTER TABLE ONLY public.authtoken_token
    ADD CONSTRAINT authtoken_token_user_id_key UNIQUE (user_id);


--
-- Name: budgets_budget budgets_budget_owner_id_title_2d10c905_uniq; Type: CONSTRAINT; Schema: public; Owner: family-budget
--

ALTER TABLE ONLY public.budgets_budget
    ADD CONSTRAINT budgets_budget_owner_id_title_2d10c905_uniq UNIQUE (owner_id, title);


--
-- Name: budgets_budget budgets_budget_pkey; Type: CONSTRAINT; Schema: public; Owner: family-budget
--

ALTER TABLE ONLY public.budgets_budget
    ADD CONSTRAINT budgets_budget_pkey PRIMARY KEY (id);


--
-- Name: budgets_budget_viewers budgets_budget_viewers_budget_id_user_id_5a1a9272_uniq; Type: CONSTRAINT; Schema: public; Owner: family-budget
--

ALTER TABLE ONLY public.budgets_budget_viewers
    ADD CONSTRAINT budgets_budget_viewers_budget_id_user_id_5a1a9272_uniq UNIQUE (budget_id, user_id);


--
-- Name: budgets_budget_viewers budgets_budget_viewers_pkey; Type: CONSTRAINT; Schema: public; Owner: family-budget
--

ALTER TABLE ONLY public.budgets_budget_viewers
    ADD CONSTRAINT budgets_budget_viewers_pkey PRIMARY KEY (id);


--
-- Name: budgets_category budgets_category_pkey; Type: CONSTRAINT; Schema: public; Owner: family-budget
--

ALTER TABLE ONLY public.budgets_category
    ADD CONSTRAINT budgets_category_pkey PRIMARY KEY (id);


--
-- Name: budgets_transaction budgets_transaction_pkey; Type: CONSTRAINT; Schema: public; Owner: family-budget
--

ALTER TABLE ONLY public.budgets_transaction
    ADD CONSTRAINT budgets_transaction_pkey PRIMARY KEY (id);


--
-- Name: django_admin_log django_admin_log_pkey; Type: CONSTRAINT; Schema: public; Owner: family-budget
--

ALTER TABLE ONLY public.django_admin_log
    ADD CONSTRAINT django_admin_log_pkey PRIMARY KEY (id);


--
-- Name: django_content_type django_content_type_app_label_model_76bd3d3b_uniq; Type: CONSTRAINT; Schema: public; Owner: family-budget
--

ALTER TABLE ONLY public.django_content_type
    ADD CONSTRAINT django_content_type_app_label_model_76bd3d3b_uniq UNIQUE (app_label, model);


--
-- Name: django_content_type django_content_type_pkey; Type: CONSTRAINT; Schema: public; Owner: family-budget
--

ALTER TABLE ONLY public.django_content_type
    ADD CONSTRAINT django_content_type_pkey PRIMARY KEY (id);


--
-- Name: django_migrations django_migrations_pkey; Type: CONSTRAINT; Schema: public; Owner: family-budget
--

ALTER TABLE ONLY public.django_migrations
    ADD CONSTRAINT django_migrations_pkey PRIMARY KEY (id);


--
-- Name: django_session django_session_pkey; Type: CONSTRAINT; Schema: public; Owner: family-budget
--

ALTER TABLE ONLY public.django_session
    ADD CONSTRAINT django_session_pkey PRIMARY KEY (session_key);


--
-- Name: users_user_groups users_user_groups_pkey; Type: CONSTRAINT; Schema: public; Owner: family-budget
--

ALTER TABLE ONLY public.users_user_groups
    ADD CONSTRAINT users_user_groups_pkey PRIMARY KEY (id);


--
-- Name: users_user_groups users_user_groups_user_id_group_id_b88eab82_uniq; Type: CONSTRAINT; Schema: public; Owner: family-budget
--

ALTER TABLE ONLY public.users_user_groups
    ADD CONSTRAINT users_user_groups_user_id_group_id_b88eab82_uniq UNIQUE (user_id, group_id);


--
-- Name: users_user users_user_pkey; Type: CONSTRAINT; Schema: public; Owner: family-budget
--

ALTER TABLE ONLY public.users_user
    ADD CONSTRAINT users_user_pkey PRIMARY KEY (id);


--
-- Name: users_user_user_permissions users_user_user_permissions_pkey; Type: CONSTRAINT; Schema: public; Owner: family-budget
--

ALTER TABLE ONLY public.users_user_user_permissions
    ADD CONSTRAINT users_user_user_permissions_pkey PRIMARY KEY (id);


--
-- Name: users_user_user_permissions users_user_user_permissions_user_id_permission_id_43338c45_uniq; Type: CONSTRAINT; Schema: public; Owner: family-budget
--

ALTER TABLE ONLY public.users_user_user_permissions
    ADD CONSTRAINT users_user_user_permissions_user_id_permission_id_43338c45_uniq UNIQUE (user_id, permission_id);


--
-- Name: users_user users_user_username_key; Type: CONSTRAINT; Schema: public; Owner: family-budget
--

ALTER TABLE ONLY public.users_user
    ADD CONSTRAINT users_user_username_key UNIQUE (username);


--
-- Name: account_emailaddress_email_03be32b2_like; Type: INDEX; Schema: public; Owner: family-budget
--

CREATE INDEX account_emailaddress_email_03be32b2_like ON public.account_emailaddress USING btree (email varchar_pattern_ops);


--
-- Name: account_emailaddress_user_id_2c513194; Type: INDEX; Schema: public; Owner: family-budget
--

CREATE INDEX account_emailaddress_user_id_2c513194 ON public.account_emailaddress USING btree (user_id);


--
-- Name: account_emailconfirmation_email_address_id_5b7f8c58; Type: INDEX; Schema: public; Owner: family-budget
--

CREATE INDEX account_emailconfirmation_email_address_id_5b7f8c58 ON public.account_emailconfirmation USING btree (email_address_id);


--
-- Name: account_emailconfirmation_key_f43612bd_like; Type: INDEX; Schema: public; Owner: family-budget
--

CREATE INDEX account_emailconfirmation_key_f43612bd_like ON public.account_emailconfirmation USING btree (key varchar_pattern_ops);


--
-- Name: auth_group_name_a6ea08ec_like; Type: INDEX; Schema: public; Owner: family-budget
--

CREATE INDEX auth_group_name_a6ea08ec_like ON public.auth_group USING btree (name varchar_pattern_ops);


--
-- Name: auth_group_permissions_group_id_b120cbf9; Type: INDEX; Schema: public; Owner: family-budget
--

CREATE INDEX auth_group_permissions_group_id_b120cbf9 ON public.auth_group_permissions USING btree (group_id);


--
-- Name: auth_group_permissions_permission_id_84c5c92e; Type: INDEX; Schema: public; Owner: family-budget
--

CREATE INDEX auth_group_permissions_permission_id_84c5c92e ON public.auth_group_permissions USING btree (permission_id);


--
-- Name: auth_permission_content_type_id_2f476e4b; Type: INDEX; Schema: public; Owner: family-budget
--

CREATE INDEX auth_permission_content_type_id_2f476e4b ON public.auth_permission USING btree (content_type_id);


--
-- Name: authtoken_token_key_10f0b77e_like; Type: INDEX; Schema: public; Owner: family-budget
--

CREATE INDEX authtoken_token_key_10f0b77e_like ON public.authtoken_token USING btree (key varchar_pattern_ops);


--
-- Name: budgets_budget_owner_id_446824e4; Type: INDEX; Schema: public; Owner: family-budget
--

CREATE INDEX budgets_budget_owner_id_446824e4 ON public.budgets_budget USING btree (owner_id);


--
-- Name: budgets_budget_viewers_budget_id_6a96d283; Type: INDEX; Schema: public; Owner: family-budget
--

CREATE INDEX budgets_budget_viewers_budget_id_6a96d283 ON public.budgets_budget_viewers USING btree (budget_id);


--
-- Name: budgets_budget_viewers_user_id_fcbb11a7; Type: INDEX; Schema: public; Owner: family-budget
--

CREATE INDEX budgets_budget_viewers_user_id_fcbb11a7 ON public.budgets_budget_viewers USING btree (user_id);


--
-- Name: budgets_transaction_budget_id_3c6ca6df; Type: INDEX; Schema: public; Owner: family-budget
--

CREATE INDEX budgets_transaction_budget_id_3c6ca6df ON public.budgets_transaction USING btree (budget_id);


--
-- Name: budgets_transaction_category_id_37e17a21; Type: INDEX; Schema: public; Owner: family-budget
--

CREATE INDEX budgets_transaction_category_id_37e17a21 ON public.budgets_transaction USING btree (category_id);


--
-- Name: django_admin_log_content_type_id_c4bce8eb; Type: INDEX; Schema: public; Owner: family-budget
--

CREATE INDEX django_admin_log_content_type_id_c4bce8eb ON public.django_admin_log USING btree (content_type_id);


--
-- Name: django_admin_log_user_id_c564eba6; Type: INDEX; Schema: public; Owner: family-budget
--

CREATE INDEX django_admin_log_user_id_c564eba6 ON public.django_admin_log USING btree (user_id);


--
-- Name: django_session_expire_date_a5c62663; Type: INDEX; Schema: public; Owner: family-budget
--

CREATE INDEX django_session_expire_date_a5c62663 ON public.django_session USING btree (expire_date);


--
-- Name: django_session_session_key_c0390e0f_like; Type: INDEX; Schema: public; Owner: family-budget
--

CREATE INDEX django_session_session_key_c0390e0f_like ON public.django_session USING btree (session_key varchar_pattern_ops);


--
-- Name: users_user_groups_group_id_9afc8d0e; Type: INDEX; Schema: public; Owner: family-budget
--

CREATE INDEX users_user_groups_group_id_9afc8d0e ON public.users_user_groups USING btree (group_id);


--
-- Name: users_user_groups_user_id_5f6f5a90; Type: INDEX; Schema: public; Owner: family-budget
--

CREATE INDEX users_user_groups_user_id_5f6f5a90 ON public.users_user_groups USING btree (user_id);


--
-- Name: users_user_user_permissions_permission_id_0b93982e; Type: INDEX; Schema: public; Owner: family-budget
--

CREATE INDEX users_user_user_permissions_permission_id_0b93982e ON public.users_user_user_permissions USING btree (permission_id);


--
-- Name: users_user_user_permissions_user_id_20aca447; Type: INDEX; Schema: public; Owner: family-budget
--

CREATE INDEX users_user_user_permissions_user_id_20aca447 ON public.users_user_user_permissions USING btree (user_id);


--
-- Name: users_user_username_06e46fe6_like; Type: INDEX; Schema: public; Owner: family-budget
--

CREATE INDEX users_user_username_06e46fe6_like ON public.users_user USING btree (username varchar_pattern_ops);


--
-- Name: account_emailaddress account_emailaddress_user_id_2c513194_fk_users_user_id; Type: FK CONSTRAINT; Schema: public; Owner: family-budget
--

ALTER TABLE ONLY public.account_emailaddress
    ADD CONSTRAINT account_emailaddress_user_id_2c513194_fk_users_user_id FOREIGN KEY (user_id) REFERENCES public.users_user(id) DEFERRABLE INITIALLY DEFERRED;


--
-- Name: account_emailconfirmation account_emailconfirm_email_address_id_5b7f8c58_fk_account_e; Type: FK CONSTRAINT; Schema: public; Owner: family-budget
--

ALTER TABLE ONLY public.account_emailconfirmation
    ADD CONSTRAINT account_emailconfirm_email_address_id_5b7f8c58_fk_account_e FOREIGN KEY (email_address_id) REFERENCES public.account_emailaddress(id) DEFERRABLE INITIALLY DEFERRED;


--
-- Name: auth_group_permissions auth_group_permissio_permission_id_84c5c92e_fk_auth_perm; Type: FK CONSTRAINT; Schema: public; Owner: family-budget
--

ALTER TABLE ONLY public.auth_group_permissions
    ADD CONSTRAINT auth_group_permissio_permission_id_84c5c92e_fk_auth_perm FOREIGN KEY (permission_id) REFERENCES public.auth_permission(id) DEFERRABLE INITIALLY DEFERRED;


--
-- Name: auth_group_permissions auth_group_permissions_group_id_b120cbf9_fk_auth_group_id; Type: FK CONSTRAINT; Schema: public; Owner: family-budget
--

ALTER TABLE ONLY public.auth_group_permissions
    ADD CONSTRAINT auth_group_permissions_group_id_b120cbf9_fk_auth_group_id FOREIGN KEY (group_id) REFERENCES public.auth_group(id) DEFERRABLE INITIALLY DEFERRED;


--
-- Name: auth_permission auth_permission_content_type_id_2f476e4b_fk_django_co; Type: FK CONSTRAINT; Schema: public; Owner: family-budget
--

ALTER TABLE ONLY public.auth_permission
    ADD CONSTRAINT auth_permission_content_type_id_2f476e4b_fk_django_co FOREIGN KEY (content_type_id) REFERENCES public.django_content_type(id) DEFERRABLE INITIALLY DEFERRED;


--
-- Name: authtoken_token authtoken_token_user_id_35299eff_fk_users_user_id; Type: FK CONSTRAINT; Schema: public; Owner: family-budget
--

ALTER TABLE ONLY public.authtoken_token
    ADD CONSTRAINT authtoken_token_user_id_35299eff_fk_users_user_id FOREIGN KEY (user_id) REFERENCES public.users_user(id) DEFERRABLE INITIALLY DEFERRED;


--
-- Name: budgets_budget budgets_budget_owner_id_446824e4_fk_users_user_id; Type: FK CONSTRAINT; Schema: public; Owner: family-budget
--

ALTER TABLE ONLY public.budgets_budget
    ADD CONSTRAINT budgets_budget_owner_id_446824e4_fk_users_user_id FOREIGN KEY (owner_id) REFERENCES public.users_user(id) DEFERRABLE INITIALLY DEFERRED;


--
-- Name: budgets_budget_viewers budgets_budget_viewers_budget_id_6a96d283_fk_budgets_budget_id; Type: FK CONSTRAINT; Schema: public; Owner: family-budget
--

ALTER TABLE ONLY public.budgets_budget_viewers
    ADD CONSTRAINT budgets_budget_viewers_budget_id_6a96d283_fk_budgets_budget_id FOREIGN KEY (budget_id) REFERENCES public.budgets_budget(id) DEFERRABLE INITIALLY DEFERRED;


--
-- Name: budgets_budget_viewers budgets_budget_viewers_user_id_fcbb11a7_fk_users_user_id; Type: FK CONSTRAINT; Schema: public; Owner: family-budget
--

ALTER TABLE ONLY public.budgets_budget_viewers
    ADD CONSTRAINT budgets_budget_viewers_user_id_fcbb11a7_fk_users_user_id FOREIGN KEY (user_id) REFERENCES public.users_user(id) DEFERRABLE INITIALLY DEFERRED;


--
-- Name: budgets_transaction budgets_transaction_budget_id_3c6ca6df_fk_budgets_budget_id; Type: FK CONSTRAINT; Schema: public; Owner: family-budget
--

ALTER TABLE ONLY public.budgets_transaction
    ADD CONSTRAINT budgets_transaction_budget_id_3c6ca6df_fk_budgets_budget_id FOREIGN KEY (budget_id) REFERENCES public.budgets_budget(id) DEFERRABLE INITIALLY DEFERRED;


--
-- Name: budgets_transaction budgets_transaction_category_id_37e17a21_fk_budgets_category_id; Type: FK CONSTRAINT; Schema: public; Owner: family-budget
--

ALTER TABLE ONLY public.budgets_transaction
    ADD CONSTRAINT budgets_transaction_category_id_37e17a21_fk_budgets_category_id FOREIGN KEY (category_id) REFERENCES public.budgets_category(id) DEFERRABLE INITIALLY DEFERRED;


--
-- Name: django_admin_log django_admin_log_content_type_id_c4bce8eb_fk_django_co; Type: FK CONSTRAINT; Schema: public; Owner: family-budget
--

ALTER TABLE ONLY public.django_admin_log
    ADD CONSTRAINT django_admin_log_content_type_id_c4bce8eb_fk_django_co FOREIGN KEY (content_type_id) REFERENCES public.django_content_type(id) DEFERRABLE INITIALLY DEFERRED;


--
-- Name: django_admin_log django_admin_log_user_id_c564eba6_fk_users_user_id; Type: FK CONSTRAINT; Schema: public; Owner: family-budget
--

ALTER TABLE ONLY public.django_admin_log
    ADD CONSTRAINT django_admin_log_user_id_c564eba6_fk_users_user_id FOREIGN KEY (user_id) REFERENCES public.users_user(id) DEFERRABLE INITIALLY DEFERRED;


--
-- Name: users_user_groups users_user_groups_group_id_9afc8d0e_fk_auth_group_id; Type: FK CONSTRAINT; Schema: public; Owner: family-budget
--

ALTER TABLE ONLY public.users_user_groups
    ADD CONSTRAINT users_user_groups_group_id_9afc8d0e_fk_auth_group_id FOREIGN KEY (group_id) REFERENCES public.auth_group(id) DEFERRABLE INITIALLY DEFERRED;


--
-- Name: users_user_groups users_user_groups_user_id_5f6f5a90_fk_users_user_id; Type: FK CONSTRAINT; Schema: public; Owner: family-budget
--

ALTER TABLE ONLY public.users_user_groups
    ADD CONSTRAINT users_user_groups_user_id_5f6f5a90_fk_users_user_id FOREIGN KEY (user_id) REFERENCES public.users_user(id) DEFERRABLE INITIALLY DEFERRED;


--
-- Name: users_user_user_permissions users_user_user_perm_permission_id_0b93982e_fk_auth_perm; Type: FK CONSTRAINT; Schema: public; Owner: family-budget
--

ALTER TABLE ONLY public.users_user_user_permissions
    ADD CONSTRAINT users_user_user_perm_permission_id_0b93982e_fk_auth_perm FOREIGN KEY (permission_id) REFERENCES public.auth_permission(id) DEFERRABLE INITIALLY DEFERRED;


--
-- Name: users_user_user_permissions users_user_user_permissions_user_id_20aca447_fk_users_user_id; Type: FK CONSTRAINT; Schema: public; Owner: family-budget
--

ALTER TABLE ONLY public.users_user_user_permissions
    ADD CONSTRAINT users_user_user_permissions_user_id_20aca447_fk_users_user_id FOREIGN KEY (user_id) REFERENCES public.users_user(id) DEFERRABLE INITIALLY DEFERRED;


--
-- PostgreSQL database dump complete
--

